name,usn,collegeEmail,phone,department,semester,section,scheme,mentorEmail
Aarav Sharma,1AY24IS155,ise-demo-1ay24is155@demo.test,9000000155,ISE,5,C,2022,mentor@demo.test
Zoya Khan,1AY24IS156,ise-demo-1ay24is156@demo.test,9000000156,ISE,5,A,2022,mentor@demo.test
Rohan Verma,1AY24IS157,ise-demo-1ay24is157@demo.test,9000000157,ISE,5,B,2022,mentor@demo.test
Ayesha Siddiqui,1AY24IS158,ise-demo-1ay24is158@demo.test,9000000158,ISE,5,C,2022,mentor@demo.test
Kabir Mehta,1AY24IS159,ise-demo-1ay24is159@demo.test,9000000159,ISE,5,A,2022,mentor@demo.test
Vihaan Kapoor,1AY24IS160,ise-demo-1ay24is160@demo.test,9000000160,ISE,5,A,2022,mentor@demo.test
Meher Fatima,1AY24IS161,ise-demo-1ay24is161@demo.test,9000000161,ISE,5,B,2022,mentor@demo.test
Aditya Nair,1AY24IS162,ise-demo-1ay24is162@demo.test,9000000162,ISE,5,C,2022,mentor@demo.test
Inaya Rahman,1AY24IS163,ise-demo-1ay24is163@demo.test,9000000163,ISE,5,A,2022,mentor@demo.test
Arjun Malhotra,1AY24IS164,ise-demo-1ay24is164@demo.test,9000000164,ISE,5,B,2022,mentor@demo.test
Sara Qureshi,1AY24IS165,ise-demo-1ay24is165@demo.test,9000000165,ISE,5,C,2022,mentor@demo.test
Devansh Rao,1AY24IS166,ise-demo-1ay24is166@demo.test,9000000166,ISE,5,A,2022,mentor@demo.test
Hiba Noor,1AY24IS167,ise-demo-1ay24is167@demo.test,9000000167,ISE,5,B,2022,mentor@demo.test
Karan Bhat,1AY24IS168,ise-demo-1ay24is168@demo.test,9000000168,ISE,5,C,2022,mentor@demo.test
Anaya Deshmukh,1AY24IS169,ise-demo-1ay24is169@demo.test,9000000169,ISE,5,A,2022,mentor@demo.test
